li_po_center,"li_po"
Li Po Alpha,"Li Po Alpha"
Pyunyang,"Pyunyang"
Cheong 1,"Cheong 1"
Cheong 2,"Cheong 2"
We,"We"
Li Po Military Garrison,"Li Po Military Garrison"
Li Po Naval Shipyards,"Li Po Naval Shipyards"
Chenyuang,"Chenyuang"
Li Po STC,"Li Po STC"
Li Po Station,"Li Po Station"
Biomass Production Shang,"Biomass Production Shang"
Biomass Production Xia,"Biomass Production Xia"
Exotic Metals Processing,"Exotic Metals Processing"
Exotic Metals Processing,"Exotic Metals Processing"
Lau,"Lau"
Lau System Defense Station,"Lau System Defense Station"
Tu Fu,"Tu Fu"
Hyland,"Hyland"
Gibbs,"Gibbs"
Gibbs Agricultural orbital,"Gibbs Agricultural orbital"
Lafferty,"Lafferty"
Gibbs Lpoint,"Gibbs Lpoint"
Lau Lpoint,"Lau Lpoint"
ripon,"ripon"
